Threads,Avg Execution Time (s),Final Delta,Avg CPU Usage (%),Avg Disk Utilization (%),Avg Memory Usage (%)
1,15.135982333333333,,78.06007633587784,0.17121212121212118,3428949.526717557
2,21.178469,,84.47738372093022,0.17919075144508664,3778325.4418604653
4,33.9630615,,93.5201568627451,0.1444921874999998,4535493.898039215
8,83.17740283333332,,99.93869646182495,0.14221189591078068,5891267.054003725
