Dataset,Avg Execution Time (s),Final Delta,Avg CPU Usage (%),Avg Disk Utilization (%),Avg Memory Usage (%)
twitter1k.binedgelist,0.3911725,4e-06,71.94,0.5775,1501608.0
twitter10k.binedgelist,0.39328383333333333,2.1e-05,87.21000000000001,0.3775,1505737.3333333333
twitter100k.binedgelist,0.7319045000000001,5.9e-05,80.91199999999999,0.31833333333333336,1511510.4
twitter1m.binedgelist,0.7509610000000001,0.002376,92.578,0.5585714285714286,1722625.3333333333
twitter5m.binedgelist,1.6566644999999998,0.002051,96.773,0.1776923076923077,1799232.0
twitter50m.binedgelist,5.5397644999999995,0.000684,97.88558823529412,0.23260869565217399,2267445.3333333335
twitter100m.binedgelist,9.457438000000002,0.000194,97.78862068965518,0.1811392405063292,2686961.128205128
twitter200m.binedgelist,15.029218166666666,0.000109,97.41182795698926,0.2469047619047619,3461290.592
