Processes,Execution Time (s),Avg CPU Usage (%),Avg Disk Utilization (%),Avg Memory Usage (%),MPI Send Time (s),MPI Recv Time (s)
2,3.9173788333333337,63.64825,0.2121951219512195,2042222.0,0.05171974554104481,0.013279221542968742
4,7.773379666666667,85.90806451612903,0.1888888888888889,2255135.6129032257,0.06273348057701704,0.017330458560256414
8,22.463748166666665,96.78178807947018,0.15980263157894728,2947058.569536424,0.0826181962512271,0.03571457707897145
16,75.30134016666666,99.78424628450105,0.18781779661016962,3752397.002123142,0.0907602337588047,0.041318891821782236
