Processes,Execution Time (s),Avg CPU Usage (%),Avg Disk Utilization (%),Avg Memory Usage (%),MPI Send Time (s),MPI Recv Time (s)
2,0.014368,11.690000000000005,0.38666666666666666,720888.0,0.06599228357142857,0.08012069999999999
4,0.1810385,46.836666666666666,0.38749999999999996,815346.6666666666,0.04307930671428572,0.03854561666666667
8,0.5255505,75.765,0.2785714285714286,861922.0,0.05838538714925372,0.02570949047619048
16,1.6246530000000001,93.34333333333333,0.221875,1095029.6,0.09505869821387283,0.027913431777777786
