Processes,Execution Time (s),Avg CPU Usage (%),Avg Disk Utilization (%),Avg Memory Usage (%),MPI Send Time (s),MPI Recv Time (s)
2,0.21579199999999998,31.444374999999997,0.20764705882352943,1501360.5,0.046838633586433254,0.0036333900641592905
4,5.203875666666667,82.94068181818183,0.2028888888888889,1969005.1818181819,0.04928056429673202,0.004749879507826083
8,16.810000833333334,95.93310344827583,0.18735042735042737,2621511.275862069,0.0620505247206558,0.0065384911070663805
16,56.2126225,99.69289325842696,0.1789915966386552,3444877.146067416,0.08625936486986154,0.02261911928571433
