Processes,Execution Time (s),Avg CPU Usage (%),Avg Disk Utilization (%),Avg Memory Usage (%),MPI Send Time (s),MPI Recv Time (s)
2,0.014368,11.585,0.5133333333333333,764378.0,0.0298221094375,0.0379183675
4,0.17595916666666667,45.050000000000004,0.385,795530.6666666666,0.030983870523809527,0.02201215363333333
8,0.5332721666666665,75.455,0.27714285714285714,914575.3333333334,0.04391066415841585,0.022970415450980396
16,1.6508718333333334,92.84625,0.1376470588235294,1112438.5,0.0680531571513158,0.029518371666666675
