Dataset,Avg Execution Time (s),Avg CPU Usage (%),Avg Disk Utilization (%),Avg Memory Usage (%)
twitter1k.binedgelist,0.022051166666666667,11.11,27.435000000000002,844736.0
twitter10k.binedgelist,0.020651666666666665,24.909999999999997,1.435,899448.0
twitter100k.binedgelist,0.022938666666666666,25.799999999999997,1.835,1011760.0
twitter1m.binedgelist,0.022846333333333333,12.810000000000002,12.635,1206404.0
twitter5m.binedgelist,0.0225635,22.386666666666667,21.7175,1087970.6666666667
twitter50m.binedgelist,0.14075500000000002,32.52181818181818,1.1725,1526784.0
twitter100m.binedgelist,0.1902475,30.706842105263156,0.2635,1691018.9473684211
twitter200m.binedgelist,0.2830426666666667,31.013714285714286,0.26500000000000007,1954424.1142857142
